Datetime,Water Level (m)
2025-02-23 06:00:00,-0.70339215
2025-02-23 07:00:00,-0.6003067
2025-02-23 08:00:00,-0.44134203
2025-02-23 09:00:00,-0.24991658
2025-02-23 10:00:00,-0.07510708
2025-02-23 11:00:00,0.052627213
2025-02-23 12:00:00,0.087038726
2025-02-23 13:00:00,0.04829745
2025-02-23 14:00:00,-0.058848422
2025-02-23 15:00:00,-0.2161011
2025-02-23 16:00:00,-0.3812284
2025-02-23 17:00:00,-0.5250023
2025-02-23 18:00:00,-0.6194186
2025-02-23 19:00:00,-0.6430272
2025-02-23 20:00:00,-0.5973331
2025-02-23 21:00:00,-0.48885503
2025-02-23 22:00:00,-0.36977094
2025-02-23 23:00:00,-0.27199838
2025-02-24 00:00:00,-0.21754931
2025-02-24 01:00:00,-0.23974086
2025-02-24 02:00:00,-0.34813592
2025-02-24 03:00:00,-0.50294334
2025-02-24 04:00:00,-0.6656501
2025-02-24 05:00:00,-0.80187833
2025-02-24 06:00:00,-0.8740948
2025-02-24 07:00:00,-0.8321384
2025-02-24 08:00:00,-0.6834611
2025-02-24 09:00:00,-0.4614874
2025-02-24 10:00:00,-0.21541741
2025-02-24 11:00:00,0.02297508
2025-02-24 12:00:00,0.17579809
2025-02-24 13:00:00,0.22836576
2025-02-24 14:00:00,0.16667292
2025-02-24 15:00:00,0.0007987125
2025-02-24 16:00:00,-0.24199016
2025-02-24 17:00:00,-0.48116544
2025-02-24 18:00:00,-0.6842503
2025-02-24 19:00:00,-0.80618244
2025-02-24 20:00:00,-0.80357414
2025-02-24 21:00:00,-0.67789924
2025-02-24 22:00:00,-0.4903817
2025-02-24 23:00:00,-0.28458884
2025-02-25 00:00:00,-0.12140517
2025-02-25 01:00:00,-0.051446516
2025-02-25 02:00:00,-0.101329885
2025-02-25 03:00:00,-0.26365885
2025-02-25 04:00:00,-0.48536465
2025-02-25 05:00:00,-0.730705
2025-02-25 06:00:00,-0.9153287
2025-02-25 07:00:00,-0.98769116
2025-02-25 08:00:00,-0.91844726
2025-02-25 09:00:00,-0.71142375
2025-02-25 10:00:00,-0.40956682
2025-02-25 11:00:00,-0.08100702
2025-02-25 12:00:00,0.18948434
2025-02-25 13:00:00,0.36344603
2025-02-25 14:00:00,0.38270733
2025-02-25 15:00:00,0.24336743
2025-02-25 16:00:00,-0.023318099
2025-02-25 17:00:00,-0.35231987
2025-02-25 18:00:00,-0.65537405
2025-02-25 19:00:00,-0.89271533
2025-02-25 20:00:00,-0.98766553
2025-02-25 21:00:00,-0.89779764
2025-02-25 22:00:00,-0.6798036
2025-02-25 23:00:00,-0.3925914
2025-02-26 00:00:00,-0.11086015
2025-02-26 01:00:00,0.07907795
2025-02-26 02:00:00,0.12844165
2025-02-26 03:00:00,0.022421818
2025-02-26 04:00:00,-0.21493062
2025-02-26 05:00:00,-0.5225198
2025-02-26 06:00:00,-0.83219284
2025-02-26 07:00:00,-1.0309227
2025-02-26 08:00:00,-1.0834558
2025-02-26 09:00:00,-0.9644135
2025-02-26 10:00:00,-0.6677447
2025-02-26 11:00:00,-0.2758135
2025-02-26 12:00:00,0.10997188
2025-02-26 13:00:00,0.41082346
2025-02-26 14:00:00,0.5528624
2025-02-26 15:00:00,0.4886639
2025-02-26 16:00:00,0.24327135
2025-02-26 17:00:00,-0.12226225
2025-02-26 18:00:00,-0.5177197
2025-02-26 19:00:00,-0.8740354
2025-02-26 20:00:00,-1.0782459
2025-02-26 21:00:00,-1.090065
2025-02-26 22:00:00,-0.9041993
2025-02-26 23:00:00,-0.58164454
2025-02-27 00:00:00,-0.20921224
2025-02-27 01:00:00,0.11600322
2025-02-27 02:00:00,0.29124007
2025-02-27 03:00:00,0.2939647
2025-02-27 04:00:00,0.10961538
2025-02-27 05:00:00,-0.2213845
2025-02-27 06:00:00,-0.6109453
2025-02-27 07:00:00,-0.9390348
2025-02-27 08:00:00,-1.1345423
2025-02-27 09:00:00,-1.1345967
2025-02-27 10:00:00,-0.92759466
2025-02-27 11:00:00,-0.5318521
2025-02-27 12:00:00,-0.086334415
2025-02-27 13:00:00,0.3322808
2025-02-27 14:00:00,0.60927105
2025-02-27 15:00:00,0.68402267
2025-02-27 16:00:00,0.5142895
2025-02-27 17:00:00,0.16760294
2025-02-27 18:00:00,-0.28011492
2025-02-27 19:00:00,-0.7354596
2025-02-27 20:00:00,-1.0786276
2025-02-27 21:00:00,-1.217737
2025-02-27 22:00:00,-1.1339138
2025-02-27 23:00:00,-0.84057397
2025-02-28 00:00:00,-0.41828194
2025-02-28 01:00:00,0.028582415
2025-02-28 02:00:00,0.33886632
2025-02-28 03:00:00,0.47637907
2025-02-28 04:00:00,0.39549997
2025-02-28 05:00:00,0.10825591
2025-02-28 06:00:00,-0.3074739
2025-02-28 07:00:00,-0.71728706
2025-02-28 08:00:00,-1.0608253
2025-02-28 09:00:00,-1.2121507
2025-02-28 10:00:00,-1.1359547
2025-02-28 11:00:00,-0.82842225
2025-02-28 12:00:00,-0.38109538
2025-02-28 13:00:00,0.11185462
2025-02-28 14:00:00,0.5050136
2025-02-28 15:00:00,0.72070175
2025-02-28 16:00:00,0.68472207
2025-02-28 17:00:00,0.42042872
2025-02-28 18:00:00,-0.0006669224
2025-02-28 19:00:00,-0.51145893
2025-02-28 20:00:00,-0.9578005
2025-02-28 21:00:00,-1.2370111
2025-02-28 22:00:00,-1.2893789
2025-02-28 23:00:00,-1.0971919
2025-03-01 00:00:00,-0.69945025
2025-03-01 01:00:00,-0.20752694
2025-03-01 02:00:00,0.22748229
2025-03-01 03:00:00,0.50883967
2025-03-01 04:00:00,0.56912047
2025-03-01 05:00:00,0.39079946
2025-03-01 06:00:00,0.026626918
